epoch,train_acc_rel,train_acc_norel,test_acc_rel,test_acc_norel
1,59.78118876551274,55.36312050947093,66.83467741935483,59.57661290322581
2,69.03882266492488,59.774044741998694,65.22177419354838,64.01209677419355
3,70.03184193337688,61.67027269758328,71.21975806451613,63.810483870967744
