epoch,train_acc_rel,train_acc_norel,test_acc_rel,test_acc_norel
1,96.48820215545395,99.810173089484,87.75201612903226,99.39516129032258
2,97.08625898105814,99.81731711299804,89.01209677419355,99.49596774193549
3,97.39549314173743,99.84589320705422,88.9616935483871,98.7399193548387
4,97.76290006531679,99.85609895493141,87.85282258064517,99.14314516129032
5,98.03947583278902,99.8652841280209,88.15524193548387,99.44556451612904
6,98.2272615937296,99.88773677335075,89.26411290322581,99.04233870967742
7,98.36912148922274,99.87140757674723,88.55846774193549,99.19354838709677
8,98.5426192031352,99.90406596995427,89.41532258064517,99.39516129032258
9,98.72326094056173,99.89896309601568,88.45766129032258,99.24395161290323
